{"cameraMode":{"drawMode":0,"name":"Shaded","section":"Shading Mode"},"sceneLighting":true,"audioPlay":false,"sceneViewState":{"showFog":true,"showMaterialUpdate":false,"showSkybox":true,"showFlares":true,"showImageEffects":true,"showParticleSystems":true},"in2DMode":false,"pivot":{"x":-0.013949871063232422,"y":3.0007529258728029,"z":5.861863136291504},"rotation":{"x":0.12936262786388398,"y":-0.1827334612607956,"z":0.02426210604608059,"w":0.9743126630783081},"size":14.530479431152344,"orthographic":false}